offset_slots,status,ret,entry_vsol,exit_vsol,wallet_label,mint,entry_signature,hold_s
0.0,priced,-0.09371069239686586,35000000000.0,34378780820.0,Sheep,3kbk7V5HiGiVgPVE64tzsLPE7AnMEaE6VrrtXsM11Dgm,4byCTADQQM2xdwnF5ayNpzDavx9Q85JtPMUaExPXoStaRUHJ5dNHqDim9T8giq57wXPYMMEmYWbcqfxAsRNYg2HY,3.888
0.5,priced,-0.3201000424400253,40568361750.0,34518496908.0,Sheep,3kbk7V5HiGiVgPVE64tzsLPE7AnMEaE6VrrtXsM11Dgm,4byCTADQQM2xdwnF5ayNpzDavx9Q85JtPMUaExPXoStaRUHJ5dNHqDim9T8giq57wXPYMMEmYWbcqfxAsRNYg2HY,3.888
1.0,priced,-0.263520448270954,40815275329.0,36131056777.0,Sheep,3kbk7V5HiGiVgPVE64tzsLPE7AnMEaE6VrrtXsM11Dgm,4byCTADQQM2xdwnF5ayNpzDavx9Q85JtPMUaExPXoStaRUHJ5dNHqDim9T8giq57wXPYMMEmYWbcqfxAsRNYg2HY,3.888
2.0,priced,-0.28529995575857797,40815275329.0,35597250441.0,Sheep,3kbk7V5HiGiVgPVE64tzsLPE7AnMEaE6VrrtXsM11Dgm,4byCTADQQM2xdwnF5ayNpzDavx9Q85JtPMUaExPXoStaRUHJ5dNHqDim9T8giq57wXPYMMEmYWbcqfxAsRNYg2HY,3.888
3.0,priced,-0.28529995575857797,40815275329.0,35597250441.0,Sheep,3kbk7V5HiGiVgPVE64tzsLPE7AnMEaE6VrrtXsM11Dgm,4byCTADQQM2xdwnF5ayNpzDavx9Q85JtPMUaExPXoStaRUHJ5dNHqDim9T8giq57wXPYMMEmYWbcqfxAsRNYg2HY,3.888
5.0,priced,-0.059927353880654934,41108608662.0,41078420099.0,Sheep,3kbk7V5HiGiVgPVE64tzsLPE7AnMEaE6VrrtXsM11Dgm,4byCTADQQM2xdwnF5ayNpzDavx9Q85JtPMUaExPXoStaRUHJ5dNHqDim9T8giq57wXPYMMEmYWbcqfxAsRNYg2HY,3.888
10.0,missed: wallet sold before our entry landed,,,,Sheep,3kbk7V5HiGiVgPVE64tzsLPE7AnMEaE6VrrtXsM11Dgm,4byCTADQQM2xdwnF5ayNpzDavx9Q85JtPMUaExPXoStaRUHJ5dNHqDim9T8giq57wXPYMMEmYWbcqfxAsRNYg2HY,3.888
0.0,priced,0.16694930228371144,35000000000.0,38990224363.0,Sheep,839ArwKYN2Q6Fej2D2CZv585mhqD9jvCsgnvLrRznuLJ,3idcBNdCAdy9pJ34t8agKZQnkjHbxJ71y6QjbfPXYSARh3XtmDMV1bYR5wM3EsssNnzADjeD3H1ZUbjZCgmNiJUC,4.022
0.5,priced,-0.1135145562128278,40046913579.0,38872825283.0,Sheep,839ArwKYN2Q6Fej2D2CZv585mhqD9jvCsgnvLrRznuLJ,3idcBNdCAdy9pJ34t8agKZQnkjHbxJ71y6QjbfPXYSARh3XtmDMV1bYR5wM3EsssNnzADjeD3H1ZUbjZCgmNiJUC,4.022
1.0,priced,-0.1135145562128278,40046913579.0,38872825283.0,Sheep,839ArwKYN2Q6Fej2D2CZv585mhqD9jvCsgnvLrRznuLJ,3idcBNdCAdy9pJ34t8agKZQnkjHbxJ71y6QjbfPXYSARh3XtmDMV1bYR5wM3EsssNnzADjeD3H1ZUbjZCgmNiJUC,4.022
2.0,priced,-0.25827292227924503,40046913579.0,35579763542.0,Sheep,839ArwKYN2Q6Fej2D2CZv585mhqD9jvCsgnvLrRznuLJ,3idcBNdCAdy9pJ34t8agKZQnkjHbxJ71y6QjbfPXYSARh3XtmDMV1bYR5wM3EsssNnzADjeD3H1ZUbjZCgmNiJUC,4.022
3.0,priced,-0.2246560619317298,40046913579.0,36370867093.0,Sheep,839ArwKYN2Q6Fej2D2CZv585mhqD9jvCsgnvLrRznuLJ,3idcBNdCAdy9pJ34t8agKZQnkjHbxJ71y6QjbfPXYSARh3XtmDMV1bYR5wM3EsssNnzADjeD3H1ZUbjZCgmNiJUC,4.022
5.0,priced,-0.2246560619317298,40046913579.0,36370867093.0,Sheep,839ArwKYN2Q6Fej2D2CZv585mhqD9jvCsgnvLrRznuLJ,3idcBNdCAdy9pJ34t8agKZQnkjHbxJ71y6QjbfPXYSARh3XtmDMV1bYR5wM3EsssNnzADjeD3H1ZUbjZCgmNiJUC,4.022
10.0,missed: wallet sold before our entry landed,,,,Sheep,839ArwKYN2Q6Fej2D2CZv585mhqD9jvCsgnvLrRznuLJ,3idcBNdCAdy9pJ34t8agKZQnkjHbxJ71y6QjbfPXYSARh3XtmDMV1bYR5wM3EsssNnzADjeD3H1ZUbjZCgmNiJUC,4.022
0.0,priced,-0.25106445888646245,71204375208.0,63406189879.0,Sheep,GWnejXFSxZs3NWs4uhd7oMXBzLjeozLDiqDGQ2Pqpump,2KZi5nxYLbtGy1BYoWZyvXSvcekriVEnb369jtWhAnSaGBmKc3jDYePsFx8Jri2L3Xz3tggsdRdL5XJH2aZeyaoj,16.725
0.5,priced,-0.33135236660774353,75119930759.0,63230186672.0,Sheep,GWnejXFSxZs3NWs4uhd7oMXBzLjeozLDiqDGQ2Pqpump,2KZi5nxYLbtGy1BYoWZyvXSvcekriVEnb369jtWhAnSaGBmKc3jDYePsFx8Jri2L3Xz3tggsdRdL5XJH2aZeyaoj,16.725
1.0,priced,-0.33135236660774353,75119930759.0,63230186672.0,Sheep,GWnejXFSxZs3NWs4uhd7oMXBzLjeozLDiqDGQ2Pqpump,2KZi5nxYLbtGy1BYoWZyvXSvcekriVEnb369jtWhAnSaGBmKc3jDYePsFx8Jri2L3Xz3tggsdRdL5XJH2aZeyaoj,16.725
2.0,priced,-0.33135236660774353,75119930759.0,63230186672.0,Sheep,GWnejXFSxZs3NWs4uhd7oMXBzLjeozLDiqDGQ2Pqpump,2KZi5nxYLbtGy1BYoWZyvXSvcekriVEnb369jtWhAnSaGBmKc3jDYePsFx8Jri2L3Xz3tggsdRdL5XJH2aZeyaoj,16.725
3.0,priced,-0.33166035356224977,75137107354.0,63230186672.0,Sheep,GWnejXFSxZs3NWs4uhd7oMXBzLjeozLDiqDGQ2Pqpump,2KZi5nxYLbtGy1BYoWZyvXSvcekriVEnb369jtWhAnSaGBmKc3jDYePsFx8Jri2L3Xz3tggsdRdL5XJH2aZeyaoj,16.725
5.0,priced,-0.3295487126395215,75137107354.0,63328952103.0,Sheep,GWnejXFSxZs3NWs4uhd7oMXBzLjeozLDiqDGQ2Pqpump,2KZi5nxYLbtGy1BYoWZyvXSvcekriVEnb369jtWhAnSaGBmKc3jDYePsFx8Jri2L3Xz3tggsdRdL5XJH2aZeyaoj,16.725
10.0,priced,-0.2977265098911823,73850433828.0,63692896959.0,Sheep,GWnejXFSxZs3NWs4uhd7oMXBzLjeozLDiqDGQ2Pqpump,2KZi5nxYLbtGy1BYoWZyvXSvcekriVEnb369jtWhAnSaGBmKc3jDYePsFx8Jri2L3Xz3tggsdRdL5XJH2aZeyaoj,16.725
0.0,priced,0.2618041766354749,35000000000.0,40539732158.0,Sheep,3or5oSA9PbYWPe5jTafhemcZDF9BeUna1HVQvk5nqZev,48XqkB8aSprmoMT4Cuu35YbyUfNYk5toPg6KGB6L5L3LfvFUGA1r1U3Wi9XC2EeBGmoxf5879Vt4sAMFyTnkip4E,3.889
0.5,priced,-0.0245693887605896,39823703702.0,40539732158.0,Sheep,3or5oSA9PbYWPe5jTafhemcZDF9BeUna1HVQvk5nqZev,48XqkB8aSprmoMT4Cuu35YbyUfNYk5toPg6KGB6L5L3LfvFUGA1r1U3Wi9XC2EeBGmoxf5879Vt4sAMFyTnkip4E,3.889
1.0,priced,-0.02137371037786865,40070617281.0,40855962797.0,Sheep,3or5oSA9PbYWPe5jTafhemcZDF9BeUna1HVQvk5nqZev,48XqkB8aSprmoMT4Cuu35YbyUfNYk5toPg6KGB6L5L3LfvFUGA1r1U3Wi9XC2EeBGmoxf5879Vt4sAMFyTnkip4E,3.889
2.0,priced,-0.00657706328022039,40070617281.0,41162135636.0,Sheep,3or5oSA9PbYWPe5jTafhemcZDF9BeUna1HVQvk5nqZev,48XqkB8aSprmoMT4Cuu35YbyUfNYk5toPg6KGB6L5L3LfvFUGA1r1U3Wi9XC2EeBGmoxf5879Vt4sAMFyTnkip4E,3.889
3.0,priced,-0.00657706328022039,40070617281.0,41162135636.0,Sheep,3or5oSA9PbYWPe5jTafhemcZDF9BeUna1HVQvk5nqZev,48XqkB8aSprmoMT4Cuu35YbyUfNYk5toPg6KGB6L5L3LfvFUGA1r1U3Wi9XC2EeBGmoxf5879Vt4sAMFyTnkip4E,3.889
5.0,priced,-0.24621833589833247,40070617281.0,35886540472.0,Sheep,3or5oSA9PbYWPe5jTafhemcZDF9BeUna1HVQvk5nqZev,48XqkB8aSprmoMT4Cuu35YbyUfNYk5toPg6KGB6L5L3LfvFUGA1r1U3Wi9XC2EeBGmoxf5879Vt4sAMFyTnkip4E,3.889
10.0,priced,-0.326917205307793,43103950613.0,36481440380.0,Sheep,3or5oSA9PbYWPe5jTafhemcZDF9BeUna1HVQvk5nqZev,48XqkB8aSprmoMT4Cuu35YbyUfNYk5toPg6KGB6L5L3LfvFUGA1r1U3Wi9XC2EeBGmoxf5879Vt4sAMFyTnkip4E,3.889
0.0,priced,0.27655618640580437,35000000000.0,40775485611.0,Sheep,A6M1erxYsTU2hhau2f1kH3mVUodoeJzCsR7Uqx7ibd9D,56SwggYz3vTBrPBud9LscHUeAzVmkSvPm3rUbbYNJHcTEif8wpC9hinsWehBXpewZuRTf6VqqWwk36RKEK6LEFMs,4.268
0.5,priced,-0.020454033034326198,39922469133.0,40724861805.0,Sheep,A6M1erxYsTU2hhau2f1kH3mVUodoeJzCsR7Uqx7ibd9D,56SwggYz3vTBrPBud9LscHUeAzVmkSvPm3rUbbYNJHcTEif8wpC9hinsWehBXpewZuRTf6VqqWwk36RKEK6LEFMs,4.268
1.0,priced,-0.14945249800446536,39922469133.0,37964006588.0,Sheep,A6M1erxYsTU2hhau2f1kH3mVUodoeJzCsR7Uqx7ibd9D,56SwggYz3vTBrPBud9LscHUeAzVmkSvPm3rUbbYNJHcTEif8wpC9hinsWehBXpewZuRTf6VqqWwk36RKEK6LEFMs,4.268
2.0,priced,-0.1509647174531622,39922469133.0,37930460851.0,Sheep,A6M1erxYsTU2hhau2f1kH3mVUodoeJzCsR7Uqx7ibd9D,56SwggYz3vTBrPBud9LscHUeAzVmkSvPm3rUbbYNJHcTEif8wpC9hinsWehBXpewZuRTf6VqqWwk36RKEK6LEFMs,4.268
3.0,priced,-0.1487603973256501,39922469133.0,37979349739.0,Sheep,A6M1erxYsTU2hhau2f1kH3mVUodoeJzCsR7Uqx7ibd9D,56SwggYz3vTBrPBud9LscHUeAzVmkSvPm3rUbbYNJHcTEif8wpC9hinsWehBXpewZuRTf6VqqWwk36RKEK6LEFMs,4.268
5.0,priced,-0.27494818050594305,42855802464.0,37634318590.0,Sheep,A6M1erxYsTU2hhau2f1kH3mVUodoeJzCsR7Uqx7ibd9D,56SwggYz3vTBrPBud9LscHUeAzVmkSvPm3rUbbYNJHcTEif8wpC9hinsWehBXpewZuRTf6VqqWwk36RKEK6LEFMs,4.268
10.0,priced,-0.2193983135506897,42855802464.0,39037842340.0,Sheep,A6M1erxYsTU2hhau2f1kH3mVUodoeJzCsR7Uqx7ibd9D,56SwggYz3vTBrPBud9LscHUeAzVmkSvPm3rUbbYNJHcTEif8wpC9hinsWehBXpewZuRTf6VqqWwk36RKEK6LEFMs,4.268
0.0,priced,-0.33723672062072757,86927959953.0,72820461056.0,Sheep,8mb2pNaQLzreoMZKDWe8gXq9DfhYvVpsi2EfZshKnFun,3LGoLb2TkaPHeowiHc5ciY22PokFqjVEGSJEVJSgstcp3mzNVzwUzAjS2mJRvAxj5dVVpQXBhdfW7dJGbJJ2S5ak,107.362
0.5,priced,-0.4752558375039624,90510885370.0,67557210874.0,Sheep,8mb2pNaQLzreoMZKDWe8gXq9DfhYvVpsi2EfZshKnFun,3LGoLb2TkaPHeowiHc5ciY22PokFqjVEGSJEVJSgstcp3mzNVzwUzAjS2mJRvAxj5dVVpQXBhdfW7dJGbJJ2S5ak,107.362
1.0,priced,-0.4449364820423291,90521184623.0,69462854274.0,Sheep,8mb2pNaQLzreoMZKDWe8gXq9DfhYvVpsi2EfZshKnFun,3LGoLb2TkaPHeowiHc5ciY22PokFqjVEGSJEVJSgstcp3mzNVzwUzAjS2mJRvAxj5dVVpQXBhdfW7dJGbJJ2S5ak,107.362
2.0,priced,-0.47619674864032285,90521184623.0,67505128535.0,Sheep,8mb2pNaQLzreoMZKDWe8gXq9DfhYvVpsi2EfZshKnFun,3LGoLb2TkaPHeowiHc5ciY22PokFqjVEGSJEVJSgstcp3mzNVzwUzAjS2mJRvAxj5dVVpQXBhdfW7dJGbJJ2S5ak,107.362
3.0,priced,-0.46897566346961056,90521184623.0,67962354631.0,Sheep,8mb2pNaQLzreoMZKDWe8gXq9DfhYvVpsi2EfZshKnFun,3LGoLb2TkaPHeowiHc5ciY22PokFqjVEGSJEVJSgstcp3mzNVzwUzAjS2mJRvAxj5dVVpQXBhdfW7dJGbJJ2S5ak,107.362
5.0,priced,-0.5356564328910413,93475129336.0,65687004076.0,Sheep,8mb2pNaQLzreoMZKDWe8gXq9DfhYvVpsi2EfZshKnFun,3LGoLb2TkaPHeowiHc5ciY22PokFqjVEGSJEVJSgstcp3mzNVzwUzAjS2mJRvAxj5dVVpQXBhdfW7dJGbJJ2S5ak,107.362
10.0,priced,-0.670264857016084,92703131916.0,55078598394.0,Sheep,8mb2pNaQLzreoMZKDWe8gXq9DfhYvVpsi2EfZshKnFun,3LGoLb2TkaPHeowiHc5ciY22PokFqjVEGSJEVJSgstcp3mzNVzwUzAjS2mJRvAxj5dVVpQXBhdfW7dJGbJJ2S5ak,107.362
0.0,priced,0.023090550558179854,47245691005.0,49202279201.0,Sheep,7pW6ENhCfRU51NTVz2Gxqx38cE2eVrBpwA5MoymN7dg5,RuCTV1GhDBub6q8cQiiqXKoDaNVW3gmvzwKJKamkufnPF9d4F4hKPeF1FS7DAm9T2xrjATu9PoEBfCbkFmwqsjN,88.288
0.5,priced,-0.21608796862325072,48950771304.0,44653370247.0,Sheep,7pW6ENhCfRU51NTVz2Gxqx38cE2eVrBpwA5MoymN7dg5,RuCTV1GhDBub6q8cQiiqXKoDaNVW3gmvzwKJKamkufnPF9d4F4hKPeF1FS7DAm9T2xrjATu9PoEBfCbkFmwqsjN,88.288
1.0,priced,-0.21633426200145878,48950771304.0,44646410120.0,Sheep,7pW6ENhCfRU51NTVz2Gxqx38cE2eVrBpwA5MoymN7dg5,RuCTV1GhDBub6q8cQiiqXKoDaNVW3gmvzwKJKamkufnPF9d4F4hKPeF1FS7DAm9T2xrjATu9PoEBfCbkFmwqsjN,88.288
2.0,priced,-0.21633426200145878,48950771304.0,44646410120.0,Sheep,7pW6ENhCfRU51NTVz2Gxqx38cE2eVrBpwA5MoymN7dg5,RuCTV1GhDBub6q8cQiiqXKoDaNVW3gmvzwKJKamkufnPF9d4F4hKPeF1FS7DAm9T2xrjATu9PoEBfCbkFmwqsjN,88.288
3.0,priced,-0.20712713261524596,49031502657.0,44979577765.0,Sheep,7pW6ENhCfRU51NTVz2Gxqx38cE2eVrBpwA5MoymN7dg5,RuCTV1GhDBub6q8cQiiqXKoDaNVW3gmvzwKJKamkufnPF9d4F4hKPeF1FS7DAm9T2xrjATu9PoEBfCbkFmwqsjN,88.288
5.0,priced,-0.20364937354655635,49031502657.0,45077355542.0,Sheep,7pW6ENhCfRU51NTVz2Gxqx38cE2eVrBpwA5MoymN7dg5,RuCTV1GhDBub6q8cQiiqXKoDaNVW3gmvzwKJKamkufnPF9d4F4hKPeF1FS7DAm9T2xrjATu9PoEBfCbkFmwqsjN,88.288
10.0,priced,-0.2119078046846472,48369518969.0,44242240652.0,Sheep,7pW6ENhCfRU51NTVz2Gxqx38cE2eVrBpwA5MoymN7dg5,RuCTV1GhDBub6q8cQiiqXKoDaNVW3gmvzwKJKamkufnPF9d4F4hKPeF1FS7DAm9T2xrjATu9PoEBfCbkFmwqsjN,88.288
0.0,priced,0.15477816231053948,35000000000.0,38786974258.0,Sheep,3dRijtWiH1iZRJdxnYhU8tvGJGmx5CZ78dH7rYVxn2WA,2i2LXr1tRyfJGTzTofypTefeJTgDYJBqqsdpzPc7iYPrhTfvXNL4v5MtfdVb3iGXwbsE2YC6xudMs6nYJXKtW6VA,4.159
0.5,priced,-0.12823488373288083,40293827159.0,38786974258.0,Sheep,3dRijtWiH1iZRJdxnYhU8tvGJGmx5CZ78dH7rYVxn2WA,2i2LXr1tRyfJGTzTofypTefeJTgDYJBqqsdpzPc7iYPrhTfvXNL4v5MtfdVb3iGXwbsE2YC6xudMs6nYJXKtW6VA,4.159
1.0,priced,-0.10066524019499695,40293827159.0,39391806649.0,Sheep,3dRijtWiH1iZRJdxnYhU8tvGJGmx5CZ78dH7rYVxn2WA,2i2LXr1tRyfJGTzTofypTefeJTgDYJBqqsdpzPc7iYPrhTfvXNL4v5MtfdVb3iGXwbsE2YC6xudMs6nYJXKtW6VA,4.159
2.0,priced,-0.10066625253774847,40293827159.0,39391784609.0,Sheep,3dRijtWiH1iZRJdxnYhU8tvGJGmx5CZ78dH7rYVxn2WA,2i2LXr1tRyfJGTzTofypTefeJTgDYJBqqsdpzPc7iYPrhTfvXNL4v5MtfdVb3iGXwbsE2YC6xudMs6nYJXKtW6VA,4.159
3.0,priced,-0.07821789335226143,39800000001.0,39391753753.0,Sheep,3dRijtWiH1iZRJdxnYhU8tvGJGmx5CZ78dH7rYVxn2WA,2i2LXr1tRyfJGTzTofypTefeJTgDYJBqqsdpzPc7iYPrhTfvXNL4v5MtfdVb3iGXwbsE2YC6xudMs6nYJXKtW6VA,4.159
5.0,priced,-0.078222466012702,39800098765.0,39391753753.0,Sheep,3dRijtWiH1iZRJdxnYhU8tvGJGmx5CZ78dH7rYVxn2WA,2i2LXr1tRyfJGTzTofypTefeJTgDYJBqqsdpzPc7iYPrhTfvXNL4v5MtfdVb3iGXwbsE2YC6xudMs6nYJXKtW6VA,4.159
10.0,missed: wallet sold before our entry landed,,,,Sheep,3dRijtWiH1iZRJdxnYhU8tvGJGmx5CZ78dH7rYVxn2WA,2i2LXr1tRyfJGTzTofypTefeJTgDYJBqqsdpzPc7iYPrhTfvXNL4v5MtfdVb3iGXwbsE2YC6xudMs6nYJXKtW6VA,4.159
0.0,priced,-0.14183342588290895,35000000000.0,33458767014.0,Sheep,5yKjzWZqoiPLNyopnac9z4s29h49LszadxWNPCDr5AqG,2bK26Re2HoG9DxdTx6SwNhYyorieJasDi5cJi9xmRZRjES9Rs8PfMfvbXhMGYpssPpugW5umwWbbXKeKxu3NEBGT,5.561
0.5,priced,-0.3246821635551908,39800000000.0,33755063310.0,Sheep,5yKjzWZqoiPLNyopnac9z4s29h49LszadxWNPCDr5AqG,2bK26Re2HoG9DxdTx6SwNhYyorieJasDi5cJi9xmRZRjES9Rs8PfMfvbXhMGYpssPpugW5umwWbbXKeKxu3NEBGT,5.561
1.0,priced,-0.3066172430701889,39800000000.0,34199507753.0,Sheep,5yKjzWZqoiPLNyopnac9z4s29h49LszadxWNPCDr5AqG,2bK26Re2HoG9DxdTx6SwNhYyorieJasDi5cJi9xmRZRjES9Rs8PfMfvbXhMGYpssPpugW5umwWbbXKeKxu3NEBGT,5.561
2.0,priced,-0.3066172430701889,39800000000.0,34199507753.0,Sheep,5yKjzWZqoiPLNyopnac9z4s29h49LszadxWNPCDr5AqG,2bK26Re2HoG9DxdTx6SwNhYyorieJasDi5cJi9xmRZRjES9Rs8PfMfvbXhMGYpssPpugW5umwWbbXKeKxu3NEBGT,5.561
3.0,priced,-0.3066172430701889,39800000000.0,34199507753.0,Sheep,5yKjzWZqoiPLNyopnac9z4s29h49LszadxWNPCDr5AqG,2bK26Re2HoG9DxdTx6SwNhYyorieJasDi5cJi9xmRZRjES9Rs8PfMfvbXhMGYpssPpugW5umwWbbXKeKxu3NEBGT,5.561
5.0,priced,-0.3066172430701889,39800000000.0,34199507753.0,Sheep,5yKjzWZqoiPLNyopnac9z4s29h49LszadxWNPCDr5AqG,2bK26Re2HoG9DxdTx6SwNhYyorieJasDi5cJi9xmRZRjES9Rs8PfMfvbXhMGYpssPpugW5umwWbbXKeKxu3NEBGT,5.561
10.0,priced,-0.3066172430701889,39800000000.0,34199507753.0,Sheep,5yKjzWZqoiPLNyopnac9z4s29h49LszadxWNPCDr5AqG,2bK26Re2HoG9DxdTx6SwNhYyorieJasDi5cJi9xmRZRjES9Rs8PfMfvbXhMGYpssPpugW5umwWbbXKeKxu3NEBGT,5.561
0.0,priced,0.34686516094121145,35000000000.0,41881086462.0,Sheep,E82wHX2cmSFuLwbVzR8njcVcbDPrLZCM7AgWLqPMh4w4,ajohgjmf7Ri6BQe3i4WkncGj7vb17TiypTkdL64k6NAiBrSavsLW3X9rsPxtKadF5qutphdtZx5HFxE4jGFU9Qv,4.028
0.5,priced,0.04260921995811093,39800000000.0,41881086462.0,Sheep,E82wHX2cmSFuLwbVzR8njcVcbDPrLZCM7AgWLqPMh4w4,ajohgjmf7Ri6BQe3i4WkncGj7vb17TiypTkdL64k6NAiBrSavsLW3X9rsPxtKadF5qutphdtZx5HFxE4jGFU9Qv,4.028
1.0,priced,0.04260921995811093,39800000000.0,41881086462.0,Sheep,E82wHX2cmSFuLwbVzR8njcVcbDPrLZCM7AgWLqPMh4w4,ajohgjmf7Ri6BQe3i4WkncGj7vb17TiypTkdL64k6NAiBrSavsLW3X9rsPxtKadF5qutphdtZx5HFxE4jGFU9Qv,4.028
2.0,priced,-0.045426494810382724,39800000000.0,40082481594.0,Sheep,E82wHX2cmSFuLwbVzR8njcVcbDPrLZCM7AgWLqPMh4w4,ajohgjmf7Ri6BQe3i4WkncGj7vb17TiypTkdL64k6NAiBrSavsLW3X9rsPxtKadF5qutphdtZx5HFxE4jGFU9Qv,4.028
3.0,priced,-0.045426494810382724,39800000000.0,40082481594.0,Sheep,E82wHX2cmSFuLwbVzR8njcVcbDPrLZCM7AgWLqPMh4w4,ajohgjmf7Ri6BQe3i4WkncGj7vb17TiypTkdL64k6NAiBrSavsLW3X9rsPxtKadF5qutphdtZx5HFxE4jGFU9Qv,4.028
5.0,priced,-0.068774569169837,39800000000.0,39591894996.0,Sheep,E82wHX2cmSFuLwbVzR8njcVcbDPrLZCM7AgWLqPMh4w4,ajohgjmf7Ri6BQe3i4WkncGj7vb17TiypTkdL64k6NAiBrSavsLW3X9rsPxtKadF5qutphdtZx5HFxE4jGFU9Qv,4.028
10.0,priced,-0.19229606147695685,42733333332.0,39591894996.0,Sheep,E82wHX2cmSFuLwbVzR8njcVcbDPrLZCM7AgWLqPMh4w4,ajohgjmf7Ri6BQe3i4WkncGj7vb17TiypTkdL64k6NAiBrSavsLW3X9rsPxtKadF5qutphdtZx5HFxE4jGFU9Qv,4.028
0.0,priced,0.1082187062608416,35000000000.0,37999545352.0,Sheep,DAvAcB4Jfa7zRpBg31ry7HszAsovBVx5Q11FizgcYHoJ,4WHrSoL77RNZpzcPYRUPTvEuXdMe5e9q6vidPsqkBnUNDXhn4jp5tYG8QuFU6wKcoV9KeNXvWHgVXkosgvEXWwhQ,3.949
0.5,priced,-0.1425942354436481,39800000000.0,37999545352.0,Sheep,DAvAcB4Jfa7zRpBg31ry7HszAsovBVx5Q11FizgcYHoJ,4WHrSoL77RNZpzcPYRUPTvEuXdMe5e9q6vidPsqkBnUNDXhn4jp5tYG8QuFU6wKcoV9KeNXvWHgVXkosgvEXWwhQ,3.949
1.0,priced,-0.1425942354436481,39800000000.0,37999545352.0,Sheep,DAvAcB4Jfa7zRpBg31ry7HszAsovBVx5Q11FizgcYHoJ,4WHrSoL77RNZpzcPYRUPTvEuXdMe5e9q6vidPsqkBnUNDXhn4jp5tYG8QuFU6wKcoV9KeNXvWHgVXkosgvEXWwhQ,3.949
2.0,priced,-0.1425942354436481,39800000000.0,37999545352.0,Sheep,DAvAcB4Jfa7zRpBg31ry7HszAsovBVx5Q11FizgcYHoJ,4WHrSoL77RNZpzcPYRUPTvEuXdMe5e9q6vidPsqkBnUNDXhn4jp5tYG8QuFU6wKcoV9KeNXvWHgVXkosgvEXWwhQ,3.949
3.0,priced,-0.1425942354436481,39800000000.0,37999545352.0,Sheep,DAvAcB4Jfa7zRpBg31ry7HszAsovBVx5Q11FizgcYHoJ,4WHrSoL77RNZpzcPYRUPTvEuXdMe5e9q6vidPsqkBnUNDXhn4jp5tYG8QuFU6wKcoV9KeNXvWHgVXkosgvEXWwhQ,3.949
5.0,priced,-0.12412849881730653,39800000000.0,38404003585.0,Sheep,DAvAcB4Jfa7zRpBg31ry7HszAsovBVx5Q11FizgcYHoJ,4WHrSoL77RNZpzcPYRUPTvEuXdMe5e9q6vidPsqkBnUNDXhn4jp5tYG8QuFU6wKcoV9KeNXvWHgVXkosgvEXWwhQ,3.949
10.0,missed: wallet sold before our entry landed,,,,Sheep,DAvAcB4Jfa7zRpBg31ry7HszAsovBVx5Q11FizgcYHoJ,4WHrSoL77RNZpzcPYRUPTvEuXdMe5e9q6vidPsqkBnUNDXhn4jp5tYG8QuFU6wKcoV9KeNXvWHgVXkosgvEXWwhQ,3.949
