epoch_ms,wallet_label,mint,buy_count,hold_duration_ms,wallet_token_amount,wallet_lamports_spent,wallet_lamports_received,wallet_pnl_sol,our_lamports_spent,our_lamports_received,our_pnl_sol
1784567393989,theo,EvvorYMn5uzjUTVsh5BCFdiRjHrkpjf3dxc8DHjupump,1,68636,31819394910665,3033079079,3923738869,0.89066,3885552679.568558,2343094127,-1.542459
1784574464290,theo,EbeSQJCJz8eLgq4CeVP9MEHBNhMo65WZMZsWFSTXpump,1,4449,5830723180285,263605000,3851805288,3.5882,300762177.235413,3935973475,3.635211
1784585892495,theo,FSzraUkWwqPXPfpwLbRnao1frYfDcnfzDNDzU2kppump,2,14125,10910913579634,527210000,3924507807,3.397298,403292294.174595,2859771229,2.456479
1784590308690,theo,DBpPHJLYsQvTumBJW5GHAFEZnS1DaZKAxVjdMm6Xpump,2,49191,7196759035333,527210000,2412506366,1.885296,576079536.70546,2410924222,1.834845
1784592536286,theo,HsDeGca4ZH1g9VLQzENhgrTQzHweTLW5CMN1m4dRpump,1,5991,7020353237194,263605000,3477868955,3.214264,289780059.144028,4260854512,3.971074
1784594969024,theo,7LNFxV9r1MAkDN741UfWPiSKJ1iXoWq3HG3Ap2gZpump,4,922213,80793316095422,3823894079,2106816146,-1.717078,4553074517.887505,1883890636,-2.669184
1784608464749,Zuki,C5V33LoH9eP3LhWxuRVZQfdBFPvjfYWxwH6uYgDVpump,2,64451,4181843294957,244410000,3572661793,3.328252,300025602.413002,4212368332,3.912343
1784609520889,theo,2NApmvbGkLge9DZAuc5H4WtzPYVxYLxV49cgKatYpump,2,46230,9561370148255,527210000,1906760025,1.37955,487611181.331863,1548270119,1.060659
1784609956484,Zuki,7MgAkQYgxxHBmvT5vex3sEYVjwcTaKU4EmFP9cV1pump,3,33682,24371249928720,1331101840,1024435904,-0.306666,1338108844.428356,677664095,-0.660445
1784610112868,Zuki,GEB7vFdtYQSqVzA86xrdrbrt28DU9wAuXd2CXJYbpump,5,27897,18533494203062,1862120230,1089426690,-0.772694,2004542564.373421,834177406,-1.170365
1784611272289,theo,H3875Tg3g8cFr1GT3b1kvfoP59TKdvwYHgnCprnmpump,2,40557,13786507564411,527210000,3962111242,3.434901,579415041.691498,3145412390,2.565997
1784612570401,theo,53zDNXw8myfvSTT5QkkRTmK4kc1KmchdyH8UkZBpump,3,15108,14543969578370,790815000,4491324921,3.70051,614336087.382721,4082051635,3.467716
1784613103081,Zuki,s5xTySLnCXNcs4CC8965b3vwgAZjKhs3pz12e8Wpump,3,107005,30544772209056,3616277472,1426944842,-2.189333,4244638900.457893,1435722065,-2.808917
1784613109074,Zuki,s5xTySLnCXNcs4CC8965b3vwgAZjKhs3pz12e8Wpump,1,1758,9256341765609,1004005000,9578918,-0.994426,840415641.631203,8348174,-0.832067
1784613137710,Doji,s5xTySLnCXNcs4CC8965b3vwgAZjKhs3pz12e8Wpump,1,143485,12587437444745,1371279080,1668951639,0.297673,2003424758.580521,1370835983,-0.632589
1784613462085,Zuki,6dJTX6tbeLS21tDzwwaVDxhyhHtgxQEGymANfp2Qpump,2,88174,1623201834749,243901541,1446386134,1.202485,248694541.931793,1208925545,0.960231
1784613792283,Doji,6dJTX6tbeLS21tDzwwaVDxhyhHtgxQEGymANfp2Qpump,4,564100,29393113311455,3461513892,472786698,-2.988727,3503152316.702858,450188608,-3.052964
1784614080943,Doji,waSphrRR19kdRoMbTKHxsJVFasaHZcrfSpjEHzVpump,2,304992,19516745844439,1877503442,1129030636,-0.748473,2780538928.411308,1215727952,-1.564811
1784614275890,Doji,A4QiRrj8fnzWMkq5jHhan83YybtuECz5DEdTUR4spump,1,11068,6602106487077,506821578,711817937,0.204996,709542618.732422,721958422,0.012416
1784614291712,Doji,4wiecK51AKVBKtEaSqLT2L7oRS3BspBfZx3pri8Spump,2,272235,21226124402999,1588601238,1373761308,-0.21484,1625179249.394798,1283483273,-0.341696
1784614438928,Zuki,B6KHASKVwoepvmGd6PGGx8PWtcUQB7E7Wtbc47DTpump,1,25226,14984963652475,1767873529,1789284016,0.02141,2032529201.071831,2315023480,0.282494
1784614505268,Zuki,4xMrz4DKxevNm3Dh24vEiSbPxHTsSrVxf6dY1ED5pump,4,55128,26657391094167,2297662126,1424457423,-0.873205,4232660319.14122,1063202896,-3.169457
1784614586041,Zuki,4xMrz4DKxevNm3Dh24vEiSbPxHTsSrVxf6dY1ED5pump,5,60770,2631405933658,493825000,2949125698,2.455301,412245690.282135,2969131803,2.556886
1784614817613,Doji,4xMrz4DKxevNm3Dh24vEiSbPxHTsSrVxf6dY1ED5pump,4,325005,21098018971061,3886338332,1411117551,-2.475221,4200966061.12709,1636885757,-2.56408
1784614821833,Doji,B6KHASKVwoepvmGd6PGGx8PWtcUQB7E7Wtbc47DTpump,1,450192,5117880298493,465669844,336021921,-0.129648,677105511.259506,336300242,-0.340805
1784615121368,Zuki,5qzP3Wb9w6HEVz8czoCPCxLvFnx7mpNWPH5uQyXRpump,1,13569,24608508200283,1969202566,424006964,-1.545196,1512897604.727127,348841152,-1.164056
1784615340319,Zuki,B1DAunpyxTidi35fw93xk4TVB4aUWSZ3FjX9QkgHpump,3,68689,34023530202405,1454320060,1322230921,-0.132089,1965937003.43367,1397638815,-0.568298
1784616192286,Zuki,7BSEoCQAkq88rqvj9Hnt7nyFMvu6uEp2jNn7XVmSpump,4,47099,14638152091034,1399179390,1181216778,-0.217963,1582160851.454781,624368401,-0.957792
1784616450433,Zuki,81gvdMWVhCXsmnYLmcApjsfnR6WHu2X7wkCCjEuapump,6,74637,35481531558264,2786776842,2082342186,-0.704435,3149544690.89473,2312184732,-0.83736
1784616519392,Zuki,81gvdMWVhCXsmnYLmcApjsfnR6WHu2X7wkCCjEuapump,2,38726,49464096844657,3474010000,3168768978,-0.305241,4360514055.367058,2026328711,-2.334185
1784616868991,Zuki,C54842eATsYVVoNQtAoHYWhbJbdbjVpRiz2zXEuGpump,3,21872,25888278333165,1440713112,5926548377,4.485835,1774722246.789619,3618961917,1.84424
1784617103060,Zuki,CCzy3pNH65pjnwCkNXzS4kPfWM5AeMcjk5A1apGJpump,4,121742,42999297005291,2327406276,2149943038,-0.177463,2829787832.488136,1162685608,-1.667102
1784617164172,Zuki,E8EM712UuuyZB1eYDAG5fjrfkuGz8AParUR3aMBEpump,1,11437,37360529166615,2006079080,1661920102,-0.344159,1582936734.165863,1438276293,-0.14466
1784618372108,Zuki,Ab37EMYTdbDXFnwtvtJxXe1qquwz2eRx3UqsFC7npump,10,442543,15268043397655,2549280718,2230574707,-0.318706,2504627477.027634,2168947596,-0.33568
1784618597839,Zuki,CUFftYXVsPkPCtmJKJmYBokFo3NyRUb4mjz3MVtXpump,3,52225,37532344107829,1410899169,1296832528,-0.114067,1850926311.13913,1141301528,-0.709625
1784618992401,Zuki,4d17aLjiwEFPA6RxtsgQDDwPMUQ7f5Fo3JJwYutKpump,8,86276,9590035828819,741262955,1894758243,1.153495,617195620.973793,1204942388,0.587747
1784619305267,Zuki,4NvY4TjQ1LbuPVrBXjGoZEAHAak5R6ZSyYHCBvHHpump,1,1756,5411393576805,241479080,245991597,0.004513,193031293.774319,191953723,-0.001078
1784619521224,Zuki,69DNxGC9KeVEihCFnTWxveYnyfBazc55jtzQwKp5pump,3,55411,29035767050203,2105041222,1891013995,-0.214027,4717016944.450485,2995102114,-1.721915
1784620387411,Zuki,DJoMkhj1n1Uc6iKfPs5g9ZB2JzW3j652HJBwrRK2pump,5,238464,36733878163078,3936705768,687004957,-3.249701,3988475618.69857,668988976,-3.319487
1784620488761,Zuki,ArzFoiT6n2xLwvZrGUL6rkDDGhA8xU5LTYLx8Nrbpump,1,43934,2047431488757,239405000,3077332622,2.837928,288337785.114861,2012247726,1.72391
1784620549271,Felix,8gQ3eVqkidFuLxRcbAJfy71VrNQoiZuiUekNbvXopump,1,16112,17687116830204,1004079080,748421949,-0.255657,623810505.303402,504258844,-0.119552
1784620953810,Zuki,EWWoZJ4ANGubSk7GwfCs3W5cPA5KtwMLoBUUYPtSpump,3,14603,9340200334395,1626293700,1522857016,-0.103437,1479055463.7043,1463275736,-0.01578
1784621799975,Zuki,GrA9nV3kwwh55VMfZZhwBZHSYjksHJb6vhi2ADAFpump,15,365737,19271440605560,2506775557,2431567095,-0.075208,2876828919.027916,2664996679,-0.211832
1784622202623,Zuki,6okta4bqrJ2B5ZBSPNVhiTG7xgVGmFYHH3pMJxuWpump,2,8213,45911075206524,1382111207,1395962102,0.013851,1412674780.862869,1271001443,-0.141673
1784622325753,Doji,EWWoZJ4ANGubSk7GwfCs3W5cPA5KtwMLoBUUYPtSpump,1,1348985,9028001736070,1371279080,283657132,-1.087622,1510095817.183044,285188509,-1.224907
1784622523377,Zuki,GrA9nV3kwwh55VMfZZhwBZHSYjksHJb6vhi2ADAFpump,8,307260,27673903022665,4351096166,3604020030,-0.747076,4343072196.000633,3974235357,-0.368837
1784622745202,Zuki,CTd9iqdyz2mF6zaFsAqgwWovnvquFnvs6bEENjNUpump,2,15142,37833611631135,1566542561,1459085286,-0.107457,1272125229.347378,1063805250,-0.20832
1784623251817,Zuki,8rEguX5EGf2mhWpdLuwioZGPnj3oNkSniKUnNPDNpump,1,8910,30188909163402,895195257,1245609004,0.350414,891095118.886719,841720867,-0.049374
1784624464026,Zuki,YixPLN3a7i1XLsFh1XDtfzY8oPGzEounvUpzPGWpump,5,95333,30680528030713,2142259549,2857223018,0.714963,2363582350.867111,2744132790,0.38055
1784624547800,Felix,6r3PifyJWqbNjRHtH5P5dz2jjsRHnLq7TF9eTp7aPzmk,1,117930,22020148767409,1095029875,1521382193,0.426352,1169648455.897636,1221415515,0.051767
1784624849361,Zuki,YixPLN3a7i1XLsFh1XDtfzY8oPGzEounvUpzPGWpump,6,235751,16448196992756,2135157906,1734958815,-0.400199,2074072903.2687,1736424105,-0.337649
1784625817166,Pavel,DUVsG2QGamijpu9DKs6nXJuPTsgqcgsPYXPF3mzypump,2,691920,13771285972359,1764084080,2033083124,0.268999,1899867767.84285,1810599190,-0.089269
1784625800962,Pavel,DUVsG2QGamijpu9DKs6nXJuPTsgqcgsPYXPF3mzypump,1,248891,9442871908398,881005000,2033083124,1.152078,1095878581.455551,1991798783,0.89592
1784625971430,Pavel,DUVsG2QGamijpu9DKs6nXJuPTsgqcgsPYXPF3mzypump,1,78024,9224667731407,881005000,948194440,0.067189,973454235.664261,1010528000,0.037074
1784626442429,Pavel,DUVsG2QGamijpu9DKs6nXJuPTsgqcgsPYXPF3mzypump,1,38815,11281692551164,1756005001,2426198211,0.670193,1817856054.760315,2523711946,0.705856
1784626600486,Letterbomb,DUVsG2QGamijpu9DKs6nXJuPTsgqcgsPYXPF3mzypump,1,160813,19496940208680,3707774659,2861352604,-0.846422,4794746973.78006,2920717807,-1.874029
1784626676739,Letterbomb,Ff5UWMLpDz9UWpPrEYvtQXBquoHsap7rUYzaBZ7Spump,3,84515,32491975830196,3044257295,1810124179,-1.234133,2988880143.894859,1749059767,-1.23982
1784627836927,Felix,35EtqCu8eLd75NhYeQw1YhUH93xZG6RK3mxPn1Tapump,1,42572,29865027881227,2004079080,1730920100,-0.273159,2171320380.608482,1902422107,-0.268898
1784627927866,Felix,35EtqCu8eLd75NhYeQw1YhUH93xZG6RK3mxPn1Tapump,1,1936,942162923147,102005000,7568562,-0.094436,104063870.011742,10386430,-0.093677
1784632705916,Felix,HBMrYqHhiXhfqLD8w2ETjgWH5tuQMGzgsEgcKfmUpump,3,116204,38711341674073,2208089080,1668885549,-0.539204,2281357871.127426,1084510939,-1.196847
1784636601776,Zuki,AFaZdfMB1HNxztwAsF2qPDk3pXCQSdA8abdyLgmYpump,4,93943,10765282446578,2213857758,3068789807,0.854932,2494046820.174515,3005756763,0.51171
1784636938466,Zuki,a3hUzTpNzBbA3LXzMCxXC6T1CxWULycQdzkvyeWpump,4,79569,11426987682330,2448928369,2134251820,-0.314677,2630204655.435852,2000880737,-0.629324
1784637175877,Zuki,5NPNe4HW1TU2mNieLsdfEcNdA6DQWVMAiJw9MgURpump,2,35201,37466251609256,1325749756,1574777784,0.249028,1831059899.200653,1715561902,-0.115498
1784637298254,Zuki,HPUcy3ppbCgvyjQAy6vxjrGcrStNUkPwowNWhohbpump,1,6371,17042925686106,947918654,877730641,-0.070188,502406497.716434,484434106,-0.017972
1784637597619,Letterbomb,4npNvH7M6PrqqASMd4ww1ykJtCLspnbNbE2SbJp3pump,2,23006,32919548238496,2700188877,1315631862,-1.384557,2354799284.69886,1026709615,-1.32809
1784637624425,Letterbomb,5NAEujNNGotuUk5NddqNHX15eRr2ZuuTpAN1UDjfpump,1,20425,27168606296312,1687900382,1908037447,0.220137,2398863974.921066,2134599321,-0.264265
1784641676695,Felix,Db8XfDkW8bdBJA4JJJ58dHgiHEN8VSh6Wwq27LmBpump,1,43210,17661976311015,1004079080,959187605,-0.044891,1072846431.863098,485845710,-0.587001
1784645100829,Felix,EfXKmkK3H6rq6R5VX48ueMhuqvMtCv8nCT6QDuEXA6kh,1,15312,17417818177875,1084278820,626985954,-0.457293,643386732.179138,510522633,-0.132864
1784645242955,Felix,438oYCTEZCbTTyFWT2uJh6vtrAXrFHE62BYWSkmSpump,1,10948,22537456639616,2004079080,1076840798,-0.927238,982437831.567802,1144643170,0.162205
1784646022017,Letterbomb,13eobgHKsDBkYeTtCpPV8e4gc1CJdgdqfH4dufmLpump,9,307832,36120613179041,5716504547,2822657172,-2.893847,6620028387.375671,2385033762,-4.234995
1784646135047,Letterbomb,D7uPX78mAXKeAYbXDAzjVhg4JAyNH8pJBGg9zdarpump,1,6471,39500443159327,1689459699,1231059578,-0.4584,1226348031.737335,1136449873,-0.089898
1784647561005,Letterbomb,2YptmERsZ9UxPfi8LN4qoYurma53YFBpE6zyPAVYpump,1,6448,45527990682275,1687856191,1573717698,-0.114138,1591200604.100887,1448671443,-0.142529
1784651584836,Sheep,8dZqXD5QBACzBRXWvpkWSaigGho34NQQuyVnS1jbpump,1,20390,41656490889123,2278366844,2066441788,-0.211925,2780114108.008461,1740446647,-1.039667
1784655533854,theo,2ALSJaMegkspeJk6azSPj1894vKFFiARbo9ar35rpump,2,8400,10651964806540,527210000,1745834674,1.218625,367030754.690945,1600915761,1.233885
1784692829960,Felix,5hdhrkK4u8YREpSyP7u7woCGTGARrwPgpzD5hRaur7DR,1,1985,17841600355733,697388835,3069332006,2.371943,537122368.416599,519055476,-0.018067
1784692849024,Pikalosi,Ayw4XF7qGwBSDFrURTgwoQWierK4AcQhpdVtK5pHpump,1,1944,283187711600,23961144,20614199,-0.003347,8051700.84314,8047416,-4e-06
1784694147025,theo,BhCbtPXHqB2RmemgK89F1sYuVQz86b1Mf7FmpNXJpump,1,7742,4186695298233,263605000,4704131019,4.440526,249382832.883453,4531029038,4.281646
1784694596290,theo,8F5Ft4avtPuwE7Gx5VVsMhCRkJyuEhJvviuTyF7upump,3,14865,12457952605842,790815000,3630817784,2.840003,796608369.533951,3999500967,3.202893
1784695535437,Doji,CGwsCV5B498pp75HKpbWx5s6sauYD68YQkLV56hmpump,1,43036,9664363258512,751714973,765109334,0.013394,953799661.685043,674887149,-0.278913
1784695598527,Doji,8cHVHVzMY73wZbGsAChFu6nCmF1Xpjnc9Car3e5mpump,1,61149,9431705333402,677090159,706800711,0.029711,757715978.95079,685784977,-0.071931
1784695743544,Doji,CGwsCV5B498pp75HKpbWx5s6sauYD68YQkLV56hmpump,1,129489,10701272349870,706258485,576426156,-0.129832,758852006.795029,470102915,-0.288749
1784696359846,Doji,EDMoJET5DHfys8oMgn9ViyD2w7fAdoJHXFtVowt3pump,1,10765,5112904715883,515174582,526032107,0.010858,501323312.310471,484878658,-0.016445
1784696414613,Doji,EDMoJET5DHfys8oMgn9ViyD2w7fAdoJHXFtVowt3pump,1,48413,4359143600877,444739067,437475503,-0.007264,409745463.173027,438119348,0.028374
1784696864792,theo,G1QNcgLwsLoo2mkSjdeHwctZE46oSnCU7nukVxSGpump,3,296833,15732396342357,790815000,2154367908,1.363553,884058365.104134,2303697801,1.419639
1784696872131,theo,7W5zk1QWSQuKJr6c1kjBwuvMf3uJxowQNu5iKiMMpump,2,122827,6761722019547,527210000,2143691914,1.616482,527225833.390022,2029764974,1.502539
1784698138178,Doji,2JjfFcZgw1ao5njxnhrQK9waSuysSQWrNqjn5D8ppump,1,6315,7703554895492,637943599,778251029,0.140307,664129033.609184,654173490,-0.009956
1784698783032,Doji,866uW7RN8poeGa3nxJHChGuTrD5R6XEqvhnBRHNtpump,1,45678,5791802057106,462399008,91754970,-0.370644,522569297.326752,96305858,-0.426263
1784698798017,theo,866uW7RN8poeGa3nxJHChGuTrD5R6XEqvhnBRHNtpump,1,147083,3904388703952,263605000,1067146741,0.803542,351198379.420486,706609755,0.355411
1784698876731,Doji,CPYdtkP4BBFXgFMPDuWRPjPVThiMYX5uJSSdTBkppump,1,11002,4442784833091,503217232,410137282,-0.09308,425565495.605812,354543020,-0.071022
1784698911170,Doji,5rm11axUtoCmRUvTYGa4st9gfBYA48jukPaR1B9pvLgU,2,65153,7617101120984,1154493705,635092963,-0.519401,1446615160.01236,714541428,-0.732074
1784699060369,Doji,5rm11axUtoCmRUvTYGa4st9gfBYA48jukPaR1B9pvLgU,1,138211,3682182910470,647805649,1014049557,0.366244,681123505.37883,646959506,-0.034164
1784699211598,Doji,5rm11axUtoCmRUvTYGa4st9gfBYA48jukPaR1B9pvLgU,1,134286,6133616778267,650544494,423997270,-0.226547,1015470131.760529,390649894,-0.62482
1784699217834,Doji,ABqagmAMYXEmGL4HGnbP8RBYwV4Vr6wPAj13KibHpump,1,146855,23379827484428,743563192,657062144,-0.086501,754228802.256187,643552189,-0.110677
1784699224169,Doji,2JjfFcZgw1ao5njxnhrQK9waSuysSQWrNqjn5D8ppump,1,1070160,5459529947198,493187994,228165388,-0.265023,517587760.486107,224963447,-0.292624
1784699293789,Doji,5rm11axUtoCmRUvTYGa4st9gfBYA48jukPaR1B9pvLgU,1,19545,5564768224168,441195774,582307409,0.141112,407843029.020264,512331110,0.104488
1784699310829,Doji,5WQqDfdUEgWcbmNcv9QKioVoBtNNrhSSdZSMvf4Rpump,1,6348,4846969966031,450878865,492620904,0.041742,598342945.48085,650229309,0.051886
1784699539281,Doji,GMUV6KXAywaznyjyv6dDwFbUcqxXTjyy6EtzAjQgpump,1,45925,5443703549213,473566570,353627934,-0.119939,531839842.360344,305308804,-0.226531
1784699686252,Doji,37KxT6Dq13oVyATKFfu6HdmogeJ4rhDoKqoCWWDqpump,1,6330,3533554471947,497226910,491265002,-0.005962,464379372.399429,393245910,-0.071133
1784699703648,Doji,CrTpJU3drepc4DfZN5LQhxH6Hamt9bpipceLUAQppump,1,10647,4606502085605,488353033,391354160,-0.096999,473484792.729156,367191865,-0.106293
1784699804863,Doji,3atwWsd6VQST1PsFXmbcRRu45LQBqAo3ZSTubHRXpump,1,28101,5811606261086,455540921,310302948,-0.145238,436736368.750748,204518944,-0.232217
1784699864886,Doji,6Ay1cp8aP6vV5FamesJESrtsyNS6X1a6sz7XQBvqpump,1,53717,4959305101924,477949125,220675239,-0.257274,555841917.849754,220846204,-0.334996
1784699914619,Felix,D4obTQfFNMJAM29uusZsdeheJKEAGTvmJTx8GqdEpump,4,59503,48191076511495,2310094080,997994997,-1.312099,2802247055.129089,973527131,-1.82872
1784699967697,Felix,D4obTQfFNMJAM29uusZsdeheJKEAGTvmJTx8GqdEpump,1,46797,9560555523629,502005000,1189670977,0.687666,453927245.870872,1055173350,0.601246
1784700118935,Doji,6Ay1cp8aP6vV5FamesJESrtsyNS6X1a6sz7XQBvqpump,1,10680,8949034042106,669862646,567922645,-0.10194,631065760.638908,479155098,-0.151911
1784700668731,Doji,eHFE2DFAx11Uc2WboXq8FBuqoqGEkBMv6MYdFVjmHCc,2,13859,8148204925827,918081746,426235471,-0.491846,1147443167.697571,516443446,-0.631
1784700704092,Felix,2c9pcThbW4PZVHpFzrCjcEY3LoS4fEWobWYpaG8Rpump,2,218460,18139430848446,2106084080,927968934,-1.178115,2223770981.159828,907189816,-1.316581
1784701017102,Doji,FK9BuSuSYiTonDbDC4fb29i7dUgKhA8Gs4scA2TApump,2,119114,7879791846873,1276960269,1265582158,-0.011378,1383746252.051559,1414766856,0.031021
1784701176831,Doji,FK9BuSuSYiTonDbDC4fb29i7dUgKhA8Gs4scA2TApump,1,12644,11094784667637,963205000,1014872048,0.051667,926226104.509155,917091544,-0.009135
1784701307274,Zuki,H4sWWKVMEVAXDPnGpRJU5xWVGtHDEKZKmF3NNmzhpump,5,136114,46898993874194,2946977424,2039334338,-0.907643,4154630230.563751,3217502156,-0.937128
1784701366608,Doji,eHFE2DFAx11Uc2WboXq8FBuqoqGEkBMv6MYdFVjmHCc,1,360324,13196007815675,3690205000,2952610303,-0.737595,3809972940.569046,3646356847,-0.163616
1784702588259,Zuki,H4sWWKVMEVAXDPnGpRJU5xWVGtHDEKZKmF3NNmzhpump,11,748327,41054624699665,4674475989,2370052008,-2.304424,6113944815.154381,1849667525,-4.264277
1784702809864,Zuki,29rLbnhjp7EJyrbtkSVe4s3vzD18dPYCzfhrKA8Ypump,4,71181,23603128528905,1539429554,1395614270,-0.143815,1970181416.594475,1782980391,-0.187201
1784703045819,Zuki,ArepQM8oQKeJwbE9djVzK3H8SneXaAfZxcSswJKDpump,2,17558,27369724798181,1486667512,1681850989,0.195183,1854550162.455223,1811122143,-0.043428
1784703098583,Zuki,3eJkLjHXHubwoZUBEUmpmGbVHRd6tutiqqoVCkoFpump,3,10320,29365902348072,1277345657,889987510,-0.387358,1010472518.261528,880296661,-0.130176
1784703172471,Zuki,3s2XxFiyJGxgMDhn52F5vWTyTBVgXgfM9TkDcr22pump,2,35025,40218383394508,1448117368,534612646,-0.913505,2452579489.800041,377653652,-2.074926
1784703433641,Zuki,6RhX4TEAmvjjgEX8vCC1F1zTqvbPgYrxuiUB5WZipump,1,11300,38774183659837,1894860562,826605595,-1.068255,2776376837.610229,728108327,-2.048269
1784704671864,Zuki,CxJFstnXt4291ppaGB9co61LxNMKpiB3GFDc1hj4pump,13,253999,28378656925021,3466297861,4817346768,1.351049,7314609628.785835,3149102426,-4.165507
1784705016462,Zuki,2CCPVMnjBtP3XkKifz4E5jkuwyhCWr5nNuxDpxaUpump,3,15205,18843238940433,933191389,738050781,-0.195141,1027201561.57235,788025556,-0.239176
1784705230786,Zuki,ggMUEtVB9zMhoDPcW78Vguurgd9eaetuNvA7zK3pump,11,198973,17958471014794,3117933041,2269745463,-0.848188,2885286095.082603,1791281290,-1.094005
1784705522718,Zuki,t2z3DMyBHwivzDYVbyLwcRKQ97e2qCKTJ7YoNuUpump,2,17602,41781333384565,1423378513,1408192975,-0.015186,1565801809.360828,1176987621,-0.388814
1784705781255,Zuki,67FNunUy9YgY4GYYj2giqAfdJy3ZzcDKm5FgECUvpump,3,33006,12841260192899,2017680324,1237579009,-0.780101,1797572762.672333,1035078021,-0.762495
1784706188129,Doji,G1UCfhd6TUeV1N4D5io9kE1Q41xtrkEtyDRPqZrCpump,2,109001,11545531604236,2483111070,2415139565,-0.067972,2622006831.741364,2430515682,-0.191491
1784706539651,Doji,DzaCFBhui4eNM6VDUGSnBUmoEXde12n5ydXF3yr8pump,3,420748,14387296433020,1545222543,1419990221,-0.125232,1909815879.210869,1280376362,-0.62944
1784706591752,Doji,G1UCfhd6TUeV1N4D5io9kE1Q41xtrkEtyDRPqZrCpump,4,345454,10082315382332,2421474775,2165703695,-0.255771,2441391395.100586,2288369346,-0.153022
1784706954928,Zuki,BDoMSXAjtG8N7NGghA2a6eGzGzSXqTZMs5q3FwdYpump,5,77128,42161511207266,2419515055,665955044,-1.75356,3223865652.119942,699640942,-2.524225
1784707007064,Doji,CVk7Y2SqZ2yV11vLf2AMRsfgGf2JZuxx1zMwgF5wpump,2,184464,12746434639979,1000170940,893573626,-0.106597,960808452.193596,640610079,-0.320198
1784707025081,Zuki,BDoMSXAjtG8N7NGghA2a6eGzGzSXqTZMs5q3FwdYpump,4,45440,8666864615373,488820000,1436595074,0.947775,403134269.929184,1173158155,0.770024
1784707069875,Doji,4E2s637xGgE2oaN1ezFkyBuPHG3aU7opQgqnSu3xpump,1,6409,7443988921984,526723278,493610065,-0.033113,453541299.386482,424220592,-0.029321
1784707635978,Doji,7a3v2DmHEbhfvCff4RAtxabm35X5LbwcSQrGf57Lpump,1,99946,2682324014693,690678908,585992050,-0.104687,710171145.819046,744687105,0.034516
1784707682341,Doji,7a3v2DmHEbhfvCff4RAtxabm35X5LbwcSQrGf57Lpump,1,24492,1495732307749,446195576,943033977,0.496838,451889277.746857,954226540,0.502337
1784707729830,Doji,EViyZjjDxmEqir6R3GgXs5cc5gGEiEFwNUVj4dS3pump,1,78458,6383938251449,696588939,265705691,-0.430883,659174940.131851,257415030,-0.40176
1784707753515,Doji,7a3v2DmHEbhfvCff4RAtxabm35X5LbwcSQrGf57Lpump,1,12437,1657506306801,481731180,1017650145,0.535919,523589593.819901,1056638364,0.533049
1784707850806,Doji,7a3v2DmHEbhfvCff4RAtxabm35X5LbwcSQrGf57Lpump,1,39869,3030791977567,675844912,720498375,0.044653,731998443.346085,602830939,-0.129168
1784707922621,Doji,ChvtzNXXiBePRgNNbaDFW4hu6TFcAUDWUTamirWKpump,1,131574,9842176975185,1925372894,1229976872,-0.695396,1881581703.907715,637195873,-1.244386
1784707980154,Doji,ChvtzNXXiBePRgNNbaDFW4hu6TFcAUDWUTamirWKpump,1,51159,23121661493857,1793968974,1244317645,-0.549651,1744848066.076309,1862679279,0.117831
1784707999921,Doji,7a3v2DmHEbhfvCff4RAtxabm35X5LbwcSQrGf57Lpump,1,124049,3374497981408,734211434,972157036,0.237946,702025988.603531,922284343,0.220258
1784708068430,Zuki,tbwrKzZ7k5p7URXFhtqBvd2WKbB2w2zRjPK5rXZpump,1,20722,44692330887957,2077316156,1510337204,-0.566979,1699002780.202438,1319318543,-0.379684
1784708182610,Doji,7a3v2DmHEbhfvCff4RAtxabm35X5LbwcSQrGf57Lpump,1,6830,2241882795474,486938570,308749766,-0.178189,454358762.150497,328701862,-0.125657
1784708195483,Doji,7a3v2DmHEbhfvCff4RAtxabm35X5LbwcSQrGf57Lpump,1,6423,2727313026554,525942476,527435073,0.001493,489567398.782852,522803287,0.033236
1784708289242,Doji,13rzTbUwa5pL8KdzJ27xrHHzovcHYqkoehJF3RsFpump,1,6435,3697938690861,451473677,479517804,0.028044,498085721.432487,486639512,-0.011446
1784708412062,Doji,7a3v2DmHEbhfvCff4RAtxabm35X5LbwcSQrGf57Lpump,1,20011,4205782354341,650091227,1412174776,0.762084,682393199.917694,1309107322,0.626714
1784708491952,Zuki,13rzTbUwa5pL8KdzJ27xrHHzovcHYqkoehJF3RsFpump,7,373772,27480351482615,2182587659,2280240049,0.097652,2789414272.78936,2224415488,-0.564999
1784708818660,Doji,9Yj79gRCkZ37izjkkpESezPKx7895nWhMWHVLpFJpump,2,38270,11064570469307,1015695030,1019963556,0.004269,1160386547.491615,847995931,-0.312391
1784708896319,Zuki,9Yj79gRCkZ37izjkkpESezPKx7895nWhMWHVLpFJpump,6,161134,53086896920609,2921638220,1897334645,-1.024304,3378055762.721947,1449859151,-1.928197
1784708941253,Zuki,FX9hhVJCcK5jUGpXUYNJZw3xm8h44sebnYoGcyVVpump,1,6507,27750453534434,1313348395,1264708113,-0.04864,871771756.561558,761852563,-0.109919
1784709437063,Doji,GkQvuthcYcJwrRCtBt29mh6g7ah6BLD5DoCcR3uqpump,3,569152,12607909657425,1419577220,759960008,-0.659617,1599187839.600357,901067209,-0.698121
1784709523938,Zuki,9Yj79gRCkZ37izjkkpESezPKx7895nWhMWHVLpFJpump,3,20227,10964396377076,946003938,881160428,-0.064844,978380879.678764,677497363,-0.300884
1784709668767,Zuki,56jHkADdsznCNs5dvNqsTyDa4gnBPrNKwqQm9Lw9pump,4,52349,30127511629935,1867480769,1349379498,-0.518101,2067251146.861862,1247798999,-0.819452
1784709887925,Zuki,HuDiRde6FPj8Ns6YM8CP4TMGd3tAm1x981zn16Ypump,2,35117,27952947824064,1289313796,1090428698,-0.198885,1631917796.230309,1118058691,-0.513859
1784709986456,Zuki,BD5bSLkXRLmV3gAHEBcQo6h3esZZBR9CXS1rcoUNpump,3,64184,14472760178575,788153810,633614677,-0.154539,678659293.993462,447195601,-0.231464
1784710157918,Zuki,5kkfoGceVJeZUBuoKTsq6UMsjF4LuR9tUEfLZLBtpump,4,109826,53024017348735,2025253013,1668051157,-0.357202,2392305285.904243,1353946429,-1.038359
1784711564759,Zuki,CUG5BxwmYYBW4o6Pu8YzqYS84RbKGTqPzw9KACKbpump,3,5911,33446695824471,1391160846,1813668788,0.422508,1034814788.360317,970180662,-0.064634
1784711576444,Felix,D4obTQfFNMJAM29uusZsdeheJKEAGTvmJTx8GqdEpump,4,7812,48191076511495,2310094080,997994997,-1.312099,1539543371.39608,581814690,-0.957729
1784711580548,Felix,D4obTQfFNMJAM29uusZsdeheJKEAGTvmJTx8GqdEpump,1,2175,9560555523629,502005000,1189670977,0.687666,296878679.475094,1140875903,0.843997
1784711901034,Zuki,DDbRtiNGPh7KNzVysFKThWFVawUygmhsQeSSv6zppump,5,77724,17601881630182,1965139267,2134702144,0.169563,2557579560.272522,2721208319,0.163629
1784712053760,Felix,QQ9KwKuBuqMfkEzqC4G38qnMcfnUzEhyLJJEgHcpump,1,269274,17507055489344,2004079080,1184355589,-0.819723,2201173573.291267,1471448212,-0.729725
1784712924769,Zuki,64KeXkKdwN9A6SKkJsfRSvbfqm1LN2fPwmGWrGxKpump,4,92964,25780568156073,1901945113,2139933115,0.237988,2098540457.680634,2400091072,0.301551
1784713612358,Zuki,AXrQMcHwT8k8wdSJHV2PFxBN7L4iZVh2i6MU8Aixpump,3,63792,24999836935461,1292669972,487760717,-0.804909,1972115773.970306,514051374,-1.458064
1784714035257,Zuki,AXrQMcHwT8k8wdSJHV2PFxBN7L4iZVh2i6MU8Aixpump,10,149663,26523310283756,3390846957,3240706962,-0.15014,3202317581.560104,3286817780,0.0845
1784714227842,Zuki,4VCKKQRTYqeMt6t5VubufRNKf4Gku567yJQGFUwapump,3,33332,25389266566141,1058294120,875073472,-0.183221,1415340675.717564,723302103,-0.692039
1784719818175,Felix,x91qtTZMRZ57SQxjr9FF6NQvpfwLnzGdSRJ426FTxms,1,12917,83095872940687,3504079081,1955725868,-1.548353,4462965675.167641,1719040114,-2.743926
1784721076056,Felix,FbygFGuNFhJJfPTuP4QNNjmgmxG4P6QZdqvi9nBapump,2,152895,35745849430344,1663246134,1276841583,-0.386405,1376316761.322952,1223136988,-0.15318
1784722393346,Felix,CazgEnWmnPRjR7guoHA4jYEa3xspjrxygadkFGUgpump,1,24162,36227174420290,2004079080,1495323097,-0.508756,2152867339.571075,979794995,-1.173072
1784723309391,Felix,6Mx7iGuEGJKPwcMfvVaAsEsqbHfsRteF8xUaHQJ7pump,1,199620,24154556866181,2004079080,1980926911,-0.023152,4067279000.904495,1893207732,-2.174071
1784723502050,Felix,4tEJ61pWXgm3XZUK8rfuE2ARcEzEGEqc1n8CoQiwpump,1,28850,103640505703104,3504079081,3133721733,-0.370357,4033646453.58017,2642451246,-1.391195
1784723775270,Letterbomb,5tAgPE9v4iSL79z1ny1smivxyCJfasVEYVq4yNdkpump,1,6408,37921161535894,1687172310,1239712821,-0.447459,1361685102.494408,1064352845,-0.297332
1784728515772,Zuki,2sqcokJT1xA9ftaWdaRrLLECeqR19TMd3S4DVzDXpump,3,10245,21623232949687,1668787508,1263355588,-0.405432,770861750.177929,1203873238,0.433011
1784728760458,Felix,C8PvKxAzbqK9iyNRkQEo9WnLvetq291E4kVGLkcrpump,5,287647,18459292296874,1666164114,1204318013,-0.461846,1789072411.275688,791646777,-0.997426
1784728812572,Zuki,2sqcokJT1xA9ftaWdaRrLLECeqR19TMd3S4DVzDXpump,5,246008,10116958124861,976862336,2525286000,1.548424,1038533312.803253,2434807737,1.396274
1784729310498,Zuki,C37iGsHjPU9jyy88ct6JmbajXi9mdimH9HAmMqHBpump,2,26205,26788552554156,1120187160,1194576576,0.074389,1565164671.083488,738357589,-0.826807
1784731040468,Zuki,C37iGsHjPU9jyy88ct6JmbajXi9mdimH9HAmMqHBpump,2,3902,26788552554156,1120187160,1194576576,0.074389,765825012.563465,730737354,-0.035088
1784731045259,Felix,6Mx7iGuEGJKPwcMfvVaAsEsqbHfsRteF8xUaHQJ7pump,1,1929,24154556866181,2004079080,1980926911,-0.023152,709229253.014416,677603052,-0.031626
1784731049848,Felix,4tEJ61pWXgm3XZUK8rfuE2ARcEzEGEqc1n8CoQiwpump,1,1942,103640505703104,3504079081,3133721733,-0.370357,3207494422.657799,2642451246,-0.565043
1784732888377,Felix,ErkXaxLVVy47pdWj7X8moZ1KNZweF1dYVWU7tgGgpump,2,100886,25664679414739,1237354182,1038796849,-0.198557,1142017967.648819,718925180,-0.423093
1784733103417,Felix,DJBvdqsC5a1vHdXPPRpn3a6H3D1WTSPkTofJn3XXpump,1,70091,12053001705364,1004079080,1147536802,0.143458,1033967629.88269,1155690459,0.121723
1784735984183,Zuki,1HWEuqFHJJfvHypRom5KoyVm3A7DZxFMuVr2qDQpump,3,50830,36467153183814,1451909323,1806328765,0.354419,2318859519.712044,1690908966,-0.627951
1784735992491,Zuki,1HWEuqFHJJfvHypRom5KoyVm3A7DZxFMuVr2qDQpump,1,1931,10153056117,5005000,1832688822,1.827684,1655517.961487,2797981445,2.796326
1784736473722,Zuki,5CuhKPPQTZxefLe5GDunJNB6hiaBShNMZ8n4rgNkpump,3,29017,13486498740644,1737238407,1091933407,-0.645305,1148758081.149963,743041380,-0.405717
1784736544293,Zuki,pc9B9NeR7mRw1MMJTEXca3nsgh71YmH2zXRMS3qpump,2,50888,23670670820682,1188993337,1570476533,0.381483,1544575730.307854,698994889,-0.845581
1784736631368,Felix,pLpxox2CNsq4mhN5qpRJihLWb5YLAVLFu4V3J1zpump,9,487753,37152814731165,1820119080,1701775317,-0.118344,2110140963.12603,1506178687,-0.603962
1784736837090,Zuki,6rhXTseuqFKADoYGZNu5iecx2R1STbEwhvfeVfVBpump,4,34527,30720282246358,1730830093,1954197067,0.223367,2344115373.692009,1390843699,-0.953272
1784737047090,Zuki,BYELEuuh9ncA1TVwTdGVgyTCeLZg9iHxtUpJLzwgpump,1,24297,35971023337586,1101396724,939860594,-0.161536,2069528564.428688,496172949,-1.573356
1784737255609,Zuki,4R3EveKpgLMYr299BRkenTCv3e9o9jB23EUgTGA42bMj,3,61296,25250885222707,1572219587,1439755856,-0.132464,1876892853.591919,1620418951,-0.256474
1784739180670,Felix,3mtWt75Ut1jrb6T8SKJmJ6bJbUrf68WccMoBbAyyKhwD,1,10860,49723895109265,2004079081,1849947138,-0.154132,1539563868.996517,1399679853,-0.139884
1784739271179,Felix,66exPo4DYjF68fr7SGH3VBUzSwsy45qE5UW3L5zRpump,1,10814,37017336507048,2004079080,1951979194,-0.0521,1116442268.665936,1040527870,-0.075914
1784743792639,Letterbomb,EZGDFG6JDqTr87C1C9iabNEmw7ByuGnPdeaVH8Chpump,5,1034443,34457111886392,6082099076,2862465717,-3.219633,7253962006.542191,2352964715,-4.900997
1784743895893,Felix,89VobyQc6coSqsgFoKmRDmEJFNznutxmnJJRjWtmpump,1,131271,47768726478533,2004079080,1397544050,-0.606535,2184677955.905777,1297847622,-0.88683
1784748872577,Zuki,Dj7nzF9uY58rFAkrHHd5Wfz5CGSdBEiu91GpYuK2Wak7,2,12649,22933367272667,1087723546,920635764,-0.167088,781906754.545559,693565484,-0.088341
1784748931218,Zuki,HSn9srYMyACSD55et9PcbbbY7BHXNQq9jR5dxJtepump,2,30296,19830489840143,1066816633,1019121420,-0.047695,1324228957.686829,564924725,-0.759304
1784750103713,Zuki,GiATNVZRTxDipiceGPPLu34TSm7XPZLvk94ZUBbSpump,2,4224,2654796566166,244410000,88991362,-0.155419,81496396.082073,81077610,-0.000419
1784750110009,Zuki,6xQZLY516Koafpu9E347QWeD1k84gWKtM1E4vfZqpump,2,3681,20623218543518,981821477,965045980,-0.016775,2456575029.764687,2323726433,-0.132849
1784750114248,Felix,89VobyQc6coSqsgFoKmRDmEJFNznutxmnJJRjWtmpump,1,1815,47768726478533,2004079080,1397544050,-0.606535,1417710872.146038,1296058928,-0.121652
1784750511335,Zuki,4DaefYP1cmgmHoPjtSAr97U8rZ49EGRcC2ACCjmfpump,1,8173,23856534951036,1196362395,997145243,-0.199217,907198345.339333,682319721,-0.224879
1784750915462,Zuki,2QgS9NweP7gAHpyuqtwS4oB47N61MWbKbFiycakQpump,2,32006,28649548849626,1418895717,1901057142,0.482161,1927055217.700447,1628496106,-0.298559
1784750956990,Zuki,AWt8yuv1pQfHz1VZRbXLedR8qMcKJkKUmkBbhJdopump,1,14518,22894838726575,1187987109,956668945,-0.231318,909665761.68042,639053077,-0.270613
1784751136424,Zuki,4cnnVwCxS5A8TGnvJvFg4oLE8A2PQKPVPmX3HLhDpump,4,64587,13723106211284,1685486023,1706866681,0.021381,2461343530.376724,1844727360,-0.616616
1784753749231,Zuki,BwHnaw8TFSd5sFNietkEpcRmiNJLzgT3H1nuTsgmMsXb,2,71687,15331990246832,1670280359,1600445661,-0.069835,2020627368.330788,1475926018,-0.544701
1784753887829,Zuki,5bYGAe9JuUFxW256DJciGuWeYtkrTX3K1K7FTtqpump,2,38237,41969556725889,1444078695,1366418955,-0.07766,2718673067.308037,1335929083,-1.382744
1784753974286,Zuki,CNKNEjtZJ7vfaH23LGMwHKhPHvKsfyAvVz6uqqTYpump,2,6967,40180526852261,1439560836,1518981109,0.07942,1494039336.223778,1658275142,0.164236
1784754078300,Zuki,38DQ5pAQKXPHyvnv3Tctcrsv2bN4WYGwmiR2wB9wpump,2,10010,9643975021972,1638078049,922396163,-0.715682,897187138.994637,637018025,-0.260169
1784754241146,Zuki,4xTnaz6GqywRTbCeYXgyqFq9e3WmkFwG9nqRpNgTTk8N,2,13055,18201208965768,1556860326,1481097845,-0.075762,939213336.479317,1422714110,0.483501
1784754631203,Zuki,81bjXkuHyF7tKAbZTwyaJFW8VzPNA7wpYT4xRZRKpump,2,19501,10892510129444,1005375192,523563747,-0.481811,756725328.557961,344330542,-0.412395
1784754720964,Zuki,EywhXMKJXVsGadzJ3c6NACLwBSSFtgpP1vRKuSPYpump,3,28231,13093075035574,2127468388,1158236459,-0.969232,1824656886.308533,644775948,-1.179881
1784754750636,theo,CZ7MKM5VNwHriZsnTHKZC3rXtZ7tFgDNiEuwvBzHpump,1,17948,21067759964329,3031004999,2436610584,-0.594394,2943651131.037605,2621586106,-0.322065
1784754949029,Zuki,AfiGGDZ45ZQx6eCNjjj6Aw1DcYgtpmUnFP4ggWLopump,5,47859,6847157529917,2027705911,367968842,-1.659737,2149469097.604065,328070667,-1.821398
1784755625076,Zuki,6zn73nKNh6tfYNBAhmAALxd9QUVbGTzmuMGAqiizpump,5,91926,9595696103814,1586706025,1294832911,-0.291873,1725633104.561157,1358063344,-0.36757
1784755891647,Zuki,3ceKwLJvFxsZoZbhdSm1wmVJFnigEWHmjpE6zzVu3FHa,1,1841,22416430621069,997213684,885054760,-0.112159,675851203.227818,645351673,-0.0305
1784756447302,Zuki,GEs1YT8QKxtcnPAC2j5rUQRYBGosqBG99CYDpeeVpump,4,84291,11052723937706,1192610777,1002733267,-0.189878,1105076697.564987,1013178971,-0.091898
1784757377998,theo,6dp5gGqi5t7mQV8vsQhM9pRkMsEomyHb3yrmy6Wbpump,4,67170,8032695207299,1054420000,5301622702,4.247203,1131598070.111061,4625661871,3.494064
1784761294213,Doji,6LRHW9osqzXadQCZQ9EDMtux45ymBWLuMed3gyXUpump,1,24345,5614929212961,489452566,365191785,-0.124261,613159731.195,362646802,-0.250513
1784762363763,Sheep,81GgrRmgdoVZ18xMZUSHSHUk9QKMpMQmH4nqbHEFpump,1,23770,9968750702013,1012099080,942208551,-0.069891,1029154448.471901,959194936,-0.06996
1784762948353,Sheep,FYKJEbU59rLfqdvePHTRxmtJKniPysVbon6xHfm7pump,1,11299,261311191596893,3032099079,2437883620,-0.594215,4432864009.503725,239240646,-4.193623
1784763659686,Sheep,AfGJ9HCTbD6yGbHuqDCKKcCCrYSriHxab3CxDDrwpump,7,76455,1069804839588807,4042754079,1226272280,-2.816482,10255652527.078426,432144674,-9.823508
1784764187921,Sheep,HjNkUpkjhUqKvE2oPcvhPVc5XdfjisX1mu26cis3pump,1,23872,284132990278953,3032099079,1466298820,-1.5658,8808681404.28273,176855453,-8.631826
1784764693890,Sheep,Hy3nn6fcpPsuvgQzepFWKPL3RGeFt8x8M7z6W3Sdpump,1,14376,257370837152641,3032099079,1420623046,-1.611476,1463370972.399776,677093945,-0.786277
1784765086542,Sheep,7ygqjepQtJd8LWMzG3C6Z3KPF7jCqH9JuvBpxDHZzYg4,1,8465,390984692166353,3032099079,2844223377,-0.187876,7677707715.243637,1000532264,-6.677175
1784765310355,Sheep,23Ht5zkEo7wXHs9RuXvP9Zr6M1ZpjtesUveEKG4ipump,1,11205,406793671350510,3032099079,4481276663,1.449178,4594074072.680058,1882152063,-2.711922
1784765570226,Sheep,EgPAyaXcFyxW8bvvc3q7HRNYeUbYCP4SUnpQcb2Zpump,1,11751,303505928407966,3032099079,1152287594,-1.879811,1160953169.78294,258909594,-0.902044
1784766563719,theo,7Py7uM3rMpYEG1aXhjf8WXiCnrWkL1PYFzwcgfU5TBAR,1,117288,2660013240079,263605000,1773187063,1.509582,299523316.29007,1665321418,1.365798
1784766631256,theo,BPnUc8FvTzty9Y63KeW1gSectfW6wqYx9cCAAzP8pump,4,24308,67334308646014,3823894079,3195239398,-0.628655,4192117127.912964,2519939078,-1.672178
1784766877436,Sheep,3NBSNSbH1YXPjqgLG6Pq6bxPzcFrjsVqG2rQ8xwVpump,1,24104,321511018735496,3032099079,624393482,-2.407706,3313824447.854575,185566118,-3.128258
